Employee_Id,First_Name,Last_Name,Email,Phone_Number,Gender,Department_Id,Joining_Date,Address,Profile_Image
1,Padraig,Mazzey,pmazzey0@unblog.fr,9534193008,Male,1,20/01/2024,Suite 90,1.jpg
2,Marya,MacMeanma,mmacmeanma1@skyrock.com,2839727376,Female,2,05/05/2024,PO Box 96861,2jpg
3,Batholomew,Luck,bluck2@privacy.gov.au,9227980090,Male,1,03/07/2024,Room 979,3.jpg
4,Jami,Cottham,jcottham3@dion.ne.jp,5266614041,Female,4,06/10/2023,PO Box 73018,4.jpg
5,Elly,Nanson,enanson4@printfriendly.com,7803816888,Male,1,27/08/2023,14th Floor,5.jpg
6,Cacilie,Montgomery,cmontgomery5@state.tx.us,6002405657,Female,1,18/04/2024,PO Box 45796,6.jpg
7,Alvina,Goddard,agoddard6@amazon.com,8853704836,Female,2,22/12/2023,Suite 22,7.jpg
8,Harlene,Grinvalds,hgrinvalds7@vkontakte.ru,7206007314,Female,3,03/06/2024,Suite 14,8.jpg
9,Ludovico,Gostridge,lgostridge8@reference.com,7135473247,Female,4,23/10/2023,Suite 26,9.jpg
10,Debbi,Beese,dbeese9@answers.com,5139390299,Female,2,28/01/2024,Apt 30,10.jpg
